,Unnamed: 0,t1,t2,t3,t4,t5,t6,t10,t11,t16,t17,t23,t24,t25,t32,t00
0,0,较高于平时,49.7934714297859,小于5个,149.11604510252812,小于5个,1000.2243245014937,还行，可以接受。,否,有时,很少发朋友圈,男,大三,理学学科,杂物较多，比较混乱,156
1,2,远高于平时,3139.6754948847333,大于等于20个且小于40个,253.71389852908538,大于等于5个且小于10个,1997.8193392626274,还行，可以接受。,是,有时,半年发若干次,女,大三,理学学科,有杂物，但不会觉得很乱,401
2,3,与平时持平,147.2238465391811,小于5个,150.38364767905458,小于5个,3093.5681305983976,无法接受！,否,从不,一天发若干次,男,大三,理学学科,有杂物，但不会觉得很乱,62
3,5,远高于平时,1991.4330202869764,大于等于20个且小于40个,49.94439038361943,小于5个,2003.1342302647085,无法接受！,否,很少,一个月发若干次,女,大三,理学学科,杂物较多，比较混乱,193
4,6,较高于平时,1948.1521125230636,小于5个,150.25961431410846,小于5个,2001.1581755667055,还行，可以接受。,是,很少,一个月发若干次,女,大三,理学学科,有杂物，但不会觉得很乱,92
5,7,较高于平时,746.5793602691424,大于等于5个且小于10个,150.22122186530365,小于5个,1999.7160941388038,无法接受！,是,很少,一周发若干次,女,大三,工学学科,杂物较多，比较混乱,181
6,8,与平时持平,52.16805132340604,小于5个,148.48573927924588,大于等于5个且小于10个,1498.8321775036993,非常喜欢！,否,有时,一天发若干次,女,大二,理学学科,杂物较少，比较整洁,102
7,9,较高于平时,257.40545133285707,大于等于5个且小于10个,254.6867488570657,大于等于5个且小于10个,2497.0395562543313,还行，可以接受。,否,很少,很少发朋友圈,女,大三,理学学科,杂物较少，比较整洁,306
8,10,远高于平时,1966.1960776957374,大于等于5个且小于10个,243.2627043090721,大于等于10个且小于15个,1998.614141574958,非常喜欢！,是,有时,一个月发若干次,女,大四,理学学科,有杂物，但不会觉得很乱,198
9,11,较高于平时,252.11592946383675,小于5个,145.4989205210744,大于等于5个且小于10个,1001.1285915792387,非常喜欢！,否,有时,一个月发若干次,男,大三,理学学科,有杂物，但不会觉得很乱,180
10,12,较高于平时,149.5788854274858,小于5个,149.22587060730416,小于5个,1500.5593520488005,非常喜欢！,否,很少,半年发若干次,女,大三,艺术学学科,有杂物，但不会觉得很乱,284
11,13,远高于平时,2049.624244557862,大于等于5个且小于10个,151.76102105152557,小于5个,1998.5679787516335,还行，可以接受。,是,有时,很少发朋友圈,女,大三,工学学科,有杂物，但不会觉得很乱,155
12,14,与平时持平,50.35285140088491,小于5个,49.00540551552778,小于5个,999.0196338701787,非常喜欢！,否,很少,很少发朋友圈,男,大二,医学学科,有杂物，但不会觉得很乱,108
13,15,较高于平时,1996.562351415068,大于等于15个且小于20个,742.7029431869075,小于5个,2498.7790582039515,还行，可以接受。,是,有时,一个月发若干次,男,大三,工学学科,杂物较多，比较混乱,189
14,16,甚至不如平时,48.44294085989896,小于5个,1254.0536304763348,小于5个,3090.827211739153,还行，可以接受。,是,有时,很少发朋友圈,男,大一,管理学学科,杂物较多，比较混乱,134
15,18,较高于平时,250.23622056927525,大于等于15个且小于20个,262.50357928621145,大于等于5个且小于10个,1999.1878043110853,无法接受！,是,有时,很少发朋友圈,女,大三,理学学科,杂物较多，比较混乱,270
16,19,与平时持平,248.80750197733028,小于5个,240.0424033605281,大于等于5个且小于10个,1999.1840401113989,无法接受！,否,很少,一个月发若干次,女,大二,理学学科,有杂物，但不会觉得很乱,106
17,20,较高于平时,246.65163405746875,小于5个,151.15881817764182,小于5个,1997.3572884502432,非常喜欢！,否,有时,很少发朋友圈,男,大三,工学学科,有杂物，但不会觉得很乱,209
18,21,较高于平时,47.984374543236534,小于5个,247.14695909306818,大于等于10个且小于15个,1503.5907468787643,还行，可以接受。,否,从不,很少发朋友圈,男,大三,工学学科,杂物较多，比较混乱,166
19,22,与平时持平,2063.760776011181,小于5个,259.37423769644926,小于5个,2500.0231470322537,非常喜欢！,否,很少,一个月发若干次,男,大三,工学学科,有杂物，但不会觉得很乱,105
20,23,较高于平时,776.7871716477616,大于等于5个且小于10个,761.4092291262851,大于等于5个且小于10个,1499.0961912910698,还行，可以接受。,否,有时,很少发朋友圈,女,大三,经济学学科,有杂物，但不会觉得很乱,322
21,24,较高于平时,768.8035735789383,大于等于5个且小于10个,254.9026585279154,大于等于20个且小于40个,2001.4610792292758,还行，可以接受。,否,有时,一个月发若干次,女,大三,工学学科,有杂物，但不会觉得很乱,147
22,25,较高于平时,744.6909574921103,大于等于5个且小于10个,246.9051158726419,大于等于5个且小于10个,,无法接受！,否,很少,一周发若干次,男,大三,理学学科,有杂物，但不会觉得很乱,148
23,26,与平时持平,147.23151467687686,小于5个,52.03534803003625,小于5个,1500.979271597988,还行，可以接受。,是,很少,很少发朋友圈,男,大三,工学学科,杂物较少，比较整洁,162
24,28,远高于平时,255.77113750874935,大于等于10个且小于15个,51.92233409418599,小于5个,1500.254865508017,还行，可以接受。,是,很少,半年发若干次,男,大三,工学学科,有杂物，但不会觉得很乱,153
25,29,较高于平时,243.71873671473125,小于5个,152.19253625713492,小于5个,1497.9308011245048,非常喜欢！,否,有时,一个月发若干次,男,大二,哲学学科,杂物较少，比较整洁,137
26,30,与平时持平,2013.519811473162,小于5个,154.3122074666653,小于5个,2500.917091657712,非常喜欢！,是,有时,很少发朋友圈,男,大三,理学学科,有杂物，但不会觉得很乱,197
27,32,与平时持平,152.57746126252255,小于5个,239.67653378899783,大于等于5个且小于10个,2000.7044622625117,非常喜欢！,否,有时,一周发若干次,女,大三,文学学科,杂物较多，比较混乱,125
28,33,与平时持平,748.7031076449326,小于5个,743.4655002524429,大于等于5个且小于10个,3107.7156688974183,非常喜欢！,否,很少,很少发朋友圈,男,大三,理学学科,有杂物，但不会觉得很乱,233
29,34,较高于平时,754.4366182714796,小于5个,148.86593258973755,小于5个,1498.3549441984337,无法接受！,是,很少,一个月发若干次,女,大三,医学学科,杂物较多，比较混乱,295
30,35,远高于平时,1989.4065837914243,大于等于5个且小于10个,252.27199223127406,大于等于5个且小于10个,1500.8785272552495,无法接受！,是,有时,一个月发若干次,女,大三,医学学科,杂物较多，比较混乱,133
31,36,较高于平时,53.176970310738206,小于5个,237.83701788269454,小于5个,497.7019769942029,还行，可以接受。,否,有时,半年发若干次,男,大三,经济学学科,杂物较少，比较整洁,111
32,37,与平时持平,760.9972748469712,小于5个,735.4836251206902,小于5个,3106.4835609728752,非常喜欢！,否,很少,很少发朋友圈,男,大四,理学学科,杂物较多，比较混乱,141
33,38,甚至不如平时,53.0407026733813,大于等于15个且小于20个,149.56633709922764,小于5个,1501.6379227529278,非常喜欢！,否,很少,很少发朋友圈,女,大三,理学学科,杂物较多，比较混乱,121
34,39,较高于平时,239.03865402539918,小于5个,264.19524132812995,小于5个,2000.897957078433,还行，可以接受。,否,有时,半年发若干次,男,大三,理学学科,杂物较少，比较整洁,125
35,40,远高于平时,746.7466017870846,大于等于20个且小于40个,46.46414438786553,大于等于15个且小于20个,3102.9548236506757,非常喜欢！,否,有时,很少发朋友圈,女,大二,经济学学科,杂物较多，比较混乱,160
36,42,较高于平时,761.0053128789253,大于等于5个且小于10个,770.8809946794184,大于等于10个且小于15个,2000.116105683075,非常喜欢！,是,有时,一个月发若干次,女,大三,工学学科,杂物较多，比较混乱,146
37,43,较高于平时,759.6979947762879,小于5个,152.5911298828076,小于5个,1999.9446240608531,非常喜欢！,是,有时,很少发朋友圈,男,大三,工学学科,杂物较少，比较整洁,121
38,44,较高于平时,148.7848513703524,小于5个,249.75217839462192,大于等于10个且小于15个,1999.8623145593706,还行，可以接受。,否,有时,一个月发若干次,男,大三,艺术学学科,杂物较多，比较混乱,253
39,45,较高于平时,746.1136420232605,大于等于10个且小于15个,251.29574202493802,大于等于5个且小于10个,1500.378291340003,无法接受！,否,有时,一天发一次,女,大三,理学学科,有杂物，但不会觉得很乱,127
40,46,远高于平时,745.0669303535645,大于等于5个且小于10个,147.73565095631395,大于等于5个且小于10个,1998.6706932628533,还行，可以接受。,否,有时,半年发若干次,男,大三,工学学科,有杂物，但不会觉得很乱,111
41,49,远高于平时,1969.827936656796,大于等于15个且小于20个,745.030395584776,大于等于5个且小于10个,2500.3721588535473,非常喜欢！,是,有时,一周发若干次,男,大二,工学学科,有杂物，但不会觉得很乱,139
42,50,远高于平时,1954.4863643602516,大于等于5个且小于10个,54.328598556691716,小于5个,501.5987064978768,还行，可以接受。,是,很少,很少发朋友圈,男,大三,经济学学科,杂物较少，比较整洁,113
43,51,较高于平时,2064.946047042248,大于等于10个且小于15个,1247.2157288220053,大于等于5个且小于10个,1999.5857689586094,无法接受！,否,有时,很少发朋友圈,女,大三,管理学学科,杂物较多，比较混乱,216
44,52,较高于平时,749.128461432966,大于等于5个且小于10个,260.91655253083695,小于5个,1999.160054827701,非常喜欢！,否,经常,一周发若干次,女,大二,工学学科,杂物较少，比较整洁,114
45,53,较高于平时,252.8423371185957,大于等于5个且小于10个,247.58690231819156,大于等于5个且小于10个,1499.8091542777483,非常喜欢！,否,有时,一周发若干次,女,大二,法学学科,杂物较多，比较混乱,215
46,54,远高于平时,2000.7399487137143,小于5个,760.5013935792845,大于等于10个且小于15个,1500.2178038705736,还行，可以接受。,是,有时,很少发朋友圈,男,大二,管理学学科,有杂物，但不会觉得很乱,144
47,56,较高于平时,50.56454691917024,小于5个,51.75183508547858,小于5个,1002.5442803439581,非常喜欢！,否,有时,很少发朋友圈,女,大一,管理学学科,有杂物，但不会觉得很乱,114
48,57,较高于平时,252.18498274209264,大于等于10个且小于15个,150.61148623718276,大于等于5个且小于10个,1002.3785083494729,还行，可以接受。,否,很少,半年发若干次,女,大三,工学学科,有杂物，但不会觉得很乱,102
49,59,较高于平时,249.57821592527665,大于等于5个且小于10个,143.7126633664074,大于等于5个且小于10个,1501.3417810411893,还行，可以接受。,否,很少,很少发朋友圈,女,研究生,经济学学科,有杂物，但不会觉得很乱,99
50,60,甚至不如平时,2028.1581541046148,小于5个,146.6230187607211,小于5个,1500.6996821946045,非常喜欢！,否,有时,很少发朋友圈,女,大三,理学学科,杂物较少，比较整洁,390
51,61,较高于平时,748.0499220112205,大于等于5个且小于10个,744.2720263593924,大于等于5个且小于10个,3097.3459830711663,还行，可以接受。,是,很少,一周发若干次,男,研究生,工学学科,有杂物，但不会觉得很乱,130
52,62,远高于平时,752.1461105548906,大于等于5个且小于10个,257.4824025473601,大于等于5个且小于10个,1998.1954453837916,还行，可以接受。,是,很少,半年发若干次,男,大三,理学学科,杂物较少，比较整洁,143
53,63,较高于平时,762.5903136684976,大于等于5个且小于10个,54.95993854664024,小于5个,2001.8156579819806,还行，可以接受。,是,经常,很少发朋友圈,女,大三,管理学学科,有杂物，但不会觉得很乱,195
54,64,较高于平时,246.73798148299224,大于等于5个且小于10个,151.85510901519595,大于等于5个且小于10个,1497.9827484190273,非常喜欢！,否,很少,一个月发若干次,女,大三,医学学科,有杂物，但不会觉得很乱,350
55,65,较高于平时,249.16828484241984,大于等于5个且小于10个,1242.1507631787913,大于等于10个且小于15个,1999.6888792113546,还行，可以接受。,否,有时,一周发若干次,男,大二,哲学学科,有杂物，但不会觉得很乱,126
56,66,较高于平时,251.43039084142885,小于5个,253.66160644711678,小于5个,1998.3174644067162,非常喜欢！,否,很少,很少发朋友圈,女,大三,文学学科,杂物较少，比较整洁,128
57,67,远高于平时,758.3717961910319,大于等于15个且小于20个,253.2346129154182,大于等于5个且小于10个,1500.9605414808102,非常喜欢！,是,很少,一个月发若干次,女,大一,经济学学科,杂物较多，比较混乱,166
58,68,较高于平时,148.18144260063983,小于5个,151.36415673188577,小于5个,1497.494540380171,无法接受！,是,很少,很少发朋友圈,男,大三,工学学科,杂物较少，比较整洁,138
59,69,较高于平时,147.15811684494162,大于等于5个且小于10个,150.77164770527853,小于5个,1498.5249719702404,无法接受！,是,有时,很少发朋友圈,男,大三,农学学科,有杂物，但不会觉得很乱,128
60,70,较高于平时,1994.875581186313,大于等于15个且小于20个,261.8721389224732,大于等于5个且小于10个,1998.294695871257,还行，可以接受。,是,有时,一个月发若干次,女,大三,工学学科,杂物较多，比较混乱,243
61,71,较高于平时,237.5059793798237,大于等于5个且小于10个,148.15436007638039,小于5个,499.72245479831724,非常喜欢！,否,很少,很少发朋友圈,男,大三,工学学科,有杂物，但不会觉得很乱,116
62,72,较高于平时,762.0552828617363,大于等于5个且小于10个,149.1236085595737,小于5个,1999.838159531985,非常喜欢！,否,很少,很少发朋友圈,男,大三,工学学科,杂物较多，比较混乱,138
63,73,与平时持平,153.823344738705,小于5个,53.57200935895064,小于5个,1999.259323951575,无法接受！,否,很少,很少发朋友圈,男,大三,工学学科,有杂物，但不会觉得很乱,225
64,74,与平时持平,151.52322560566134,小于5个,150.57054245700914,小于5个,1499.067213522894,非常喜欢！,否,很少,很少发朋友圈,男,大三,工学学科,杂物较少，比较整洁,115
65,75,远高于平时,150.0197008203471,大于等于5个且小于10个,260.08091847513094,大于等于5个且小于10个,999.7348831982063,非常喜欢！,是,很少,很少发朋友圈,女,大三,管理学学科,有杂物，但不会觉得很乱,140
66,76,较高于平时,249.82878262114673,大于等于20个且小于40个,237.84923208532516,大于等于10个且小于15个,,还行，可以接受。,否,很少,半年发若干次,男,大三,文学学科,有杂物，但不会觉得很乱,130
67,77,远高于平时,2016.6253356679506,大于等于20个且小于40个,740.2987816482241,大于等于15个且小于20个,1999.6425244742256,无法接受！,是,有时,一个月发若干次,女,大一,管理学学科,杂物较多，比较混乱,196
68,78,远高于平时,1963.508206603256,大于等于20个且小于40个,151.49981983305742,大于等于5个且小于10个,1501.4083176546562,无法接受！,否,有时,半年发若干次,女,大三,理学学科,杂物较多，比较混乱,269
69,79,与平时持平,49.2136835352533,小于5个,246.025901329004,小于5个,1499.8502717671897,还行，可以接受。,是,很少,半年发若干次,女,大三,经济学学科,有杂物，但不会觉得很乱,184
70,80,较高于平时,2028.4714271781722,大于等于20个且小于40个,754.4053169013716,大于等于5个且小于10个,3096.4019842748694,无法接受！,是,很少,一个月发若干次,女,大三,经济学学科,杂物较多，比较混乱,165
71,81,较高于平时,757.0979228225243,大于等于5个且小于10个,263.56342937367083,小于5个,1500.3461478785862,无法接受！,否,有时,一个月发若干次,男,研究生,历史学学科,有杂物，但不会觉得很乱,170
72,82,较高于平时,51.47101861306056,小于5个,52.99183423845539,小于5个,999.6768939448986,还行，可以接受。,否,有时,半年发若干次,男,大三,工学学科,有杂物，但不会觉得很乱,196
73,83,较高于平时,2042.8333757903267,大于等于5个且小于10个,151.00018488373186,小于5个,1501.4980768955206,非常喜欢！,是,有时,很少发朋友圈,女,大三,理学学科,杂物较多，比较混乱,326
74,84,较高于平时,255.58384808841794,大于等于5个且小于10个,42.89778573211611,小于5个,2498.458470753663,非常喜欢！,是,很少,一天发一次,男,大三,法学学科,有杂物，但不会觉得很乱,168
75,85,远高于平时,749.0370786052378,大于等于5个且小于10个,152.54209762370022,小于5个,1500.5677347275318,无法接受！,是,很少,很少发朋友圈,男,大二,法学学科,有杂物，但不会觉得很乱,185
76,86,与平时持平,726.8553629328264,大于等于5个且小于10个,255.48243938023052,小于5个,2000.472748528618,还行，可以接受。,否,很少,一天发一次,女,大二,工学学科,有杂物，但不会觉得很乱,101
77,87,较高于平时,255.31759961087104,大于等于5个且小于10个,257.9778033576739,小于5个,1997.810094154335,还行，可以接受。,否,有时,很少发朋友圈,女,大二,工学学科,杂物较多，比较混乱,409
78,88,远高于平时,3216.978731974189,大于等于20个且小于40个,737.2753697873314,小于5个,2501.419572853314,还行，可以接受。,是,有时,很少发朋友圈,女,大三,文学学科,有杂物，但不会觉得很乱,131
79,90,较高于平时,767.4052066160783,小于5个,150.0418895699267,小于5个,3109.068131074167,还行，可以接受。,否,很少,一周发若干次,男,大三,工学学科,有杂物，但不会觉得很乱,159
80,91,甚至不如平时,49.29214633954023,小于5个,249.47623301725991,小于5个,1500.9685371375708,还行，可以接受。,否,有时,很少发朋友圈,女,大三,工学学科,有杂物，但不会觉得很乱,122
81,92,较高于平时,733.9676264467441,小于5个,244.62341163373367,小于5个,999.6121124489844,无法接受！,否,有时,很少发朋友圈,女,大三,管理学学科,有杂物，但不会觉得很乱,146
82,93,甚至不如平时,1965.5071284483035,小于5个,47.81304441432779,小于5个,1999.4556314711497,无法接受！,否,有时,一周发若干次,女,大四,工学学科,有杂物，但不会觉得很乱,76
83,95,较高于平时,725.1231057036603,大于等于5个且小于10个,762.0530727497364,大于等于5个且小于10个,3106.9687831161946,还行，可以接受。,否,有时,很少发朋友圈,女,大三,工学学科,杂物较少，比较整洁,132
84,96,较高于平时,751.9300626988833,大于等于5个且小于10个,237.9205467883482,大于等于5个且小于10个,1498.5179148496302,还行，可以接受。,否,很少,很少发朋友圈,女,大三,工学学科,杂物较少，比较整洁,110
85,97,远高于平时,247.1284644038928,大于等于5个且小于10个,143.76325490928718,大于等于5个且小于10个,1498.7326574172407,还行，可以接受。,否,有时,很少发朋友圈,女,大三,工学学科,有杂物，但不会觉得很乱,175
86,99,较高于平时,244.25652768398263,大于等于5个且小于10个,265.8745537568884,大于等于5个且小于10个,2001.3047309076774,非常喜欢！,否,很少,一周发若干次,女,大三,艺术学学科,有杂物，但不会觉得很乱,357
87,100,较高于平时,758.1445498117072,大于等于5个且小于10个,151.68321099608286,小于5个,2001.5249538906228,无法接受！,是,很少,一个月发若干次,女,大三,工学学科,杂物较少，比较整洁,181
88,101,较高于平时,254.25855647953617,小于5个,148.48923188489943,小于5个,1499.2092623888177,非常喜欢！,否,有时,半年发若干次,女,大三,工学学科,有杂物，但不会觉得很乱,158
89,102,较高于平时,263.785899757721,大于等于5个且小于10个,46.75880714387184,小于5个,1500.2683960704946,还行，可以接受。,否,很少,很少发朋友圈,女,大三,医学学科,有杂物，但不会觉得很乱,280
90,103,甚至不如平时,47.45017447073816,小于5个,241.4570132852956,小于5个,997.9086047794509,还行，可以接受。,否,很少,很少发朋友圈,男,大三,教育学学科,有杂物，但不会觉得很乱,259
91,104,远高于平时,3282.579443706959,大于等于20个且小于40个,252.92840636053313,大于等于5个且小于10个,3098.4626862476584,还行，可以接受。,是,有时,一个月发若干次,女,大一,经济学学科,有杂物，但不会觉得很乱,129
92,105,远高于平时,739.3312968682039,大于等于10个且小于15个,49.17951868286125,小于5个,998.8377504891575,非常喜欢！,否,有时,半年发若干次,男,大二,管理学学科,有杂物，但不会觉得很乱,213
93,106,较高于平时,151.92713334610707,小于5个,149.03492404240365,小于5个,1498.8129840885588,还行，可以接受。,否,从不,很少发朋友圈,男,大三,理学学科,有杂物，但不会觉得很乱,73
94,107,远高于平时,2070.414587381622,大于等于15个且小于20个,256.45227177040374,大于等于5个且小于10个,3099.4591396741816,还行，可以接受。,否,从不,一个月发若干次,男,大三,工学学科,有杂物，但不会觉得很乱,90
95,109,较高于平时,254.0378476592857,大于等于5个且小于10个,148.00969606176028,小于5个,1497.9975624810386,无法接受！,否,很少,一周发若干次,女,大一,管理学学科,杂物较少，比较整洁,256
96,112,较高于平时,247.58216475497142,大于等于5个且小于10个,254.14421038377586,大于等于5个且小于10个,1000.8119898097417,还行，可以接受。,否,有时,很少发朋友圈,男,大一,工学学科,有杂物，但不会觉得很乱,113
97,113,与平时持平,47.858819773646196,小于5个,150.93194483149566,小于5个,2500.152828877932,还行，可以接受。,否,很少,一个月发若干次,女,大三,经济学学科,有杂物，但不会觉得很乱,393
98,114,较高于平时,247.0809831245437,大于等于5个且小于10个,51.08957040913773,小于5个,997.3246700581343,非常喜欢！,是,很少,一个月发若干次,女,大四,工学学科,有杂物，但不会觉得很乱,237
99,115,较高于平时,751.0758528131844,小于5个,272.4887719721248,大于等于5个且小于10个,1499.0876751508333,还行，可以接受。,否,有时,很少发朋友圈,女,大三,工学学科,有杂物，但不会觉得很乱,114
100,116,较高于平时,258.2509239498828,大于等于5个且小于10个,148.22963158191502,小于5个,2500.283401901326,无法接受！,否,很少,半年发若干次,女,大三,工学学科,杂物较少，比较整洁,180
101,118,较高于平时,152.997844634448,小于5个,255.2817347178141,小于5个,2499.352424042298,还行，可以接受。,否,经常,一个月发若干次,男,大三,理学学科,有杂物，但不会觉得很乱,68
102,120,远高于平时,259.1910668635058,大于等于10个且小于15个,149.98141341478802,小于5个,2000.5836108639585,无法接受！,是,很少,一周发若干次,男,大二,经济学学科,有杂物，但不会觉得很乱,167
103,122,较高于平时,258.50833692031847,小于5个,50.469655012263495,小于5个,2000.1340994612738,还行，可以接受。,是,从不,很少发朋友圈,男,大三,理学学科,有杂物，但不会觉得很乱,166
104,123,较高于平时,152.9133097291883,大于等于5个且小于10个,53.960979019832266,小于5个,1501.8389746372175,非常喜欢！,是,从不,一个月发若干次,女,大四,哲学学科,有杂物，但不会觉得很乱,156
105,124,与平时持平,55.68350052039971,小于5个,47.833469828503674,小于5个,1499.7855887356282,无法接受！,否,从不,很少发朋友圈,男,大一,历史学学科,有杂物，但不会觉得很乱,77
106,125,较高于平时,247.7650768880434,大于等于10个且小于15个,146.22521278360568,大于等于5个且小于10个,1999.7509746894518,非常喜欢！,是,很少,一周发若干次,女,大三,历史学学科,有杂物，但不会觉得很乱,184
107,127,较高于平时,770.4484825288115,小于5个,247.0298364391137,小于5个,1998.5310354908672,还行，可以接受。,是,有时,很少发朋友圈,男,大三,工学学科,杂物较少，比较整洁,151
108,128,较高于平时,743.9128284089202,大于等于5个且小于10个,148.52705971013793,小于5个,1998.7067381755214,还行，可以接受。,是,有时,很少发朋友圈,男,大三,工学学科,杂物较多，比较混乱,157
109,129,甚至不如平时,148.20729264187418,大于等于5个且小于10个,150.74121879393277,小于5个,999.7992775459832,非常喜欢！,否,很少,很少发朋友圈,男,大三,管理学学科,杂物较少，比较整洁,171
110,130,远高于平时,245.94394795385642,大于等于10个且小于15个,149.62706303889033,小于5个,2003.1945882564892,无法接受！,否,从不,很少发朋友圈,女,大二,历史学学科,有杂物，但不会觉得很乱,425
111,131,较高于平时,2078.083741774723,小于5个,755.4932875335824,大于等于10个且小于15个,1498.029404668648,无法接受！,是,有时,很少发朋友圈,男,大三,工学学科,杂物较少，比较整洁,146
112,132,远高于平时,741.7499189609496,小于5个,150.73752549812608,小于5个,1502.486937334042,非常喜欢！,是,有时,很少发朋友圈,女,大三,工学学科,杂物较少，比较整洁,87
113,133,与平时持平,152.22143444862084,小于5个,149.0360703641149,小于5个,1500.0703908762578,还行，可以接受。,否,很少,一个月发若干次,女,大三,工学学科,有杂物，但不会觉得很乱,136
114,134,远高于平时,2008.471543014549,大于等于5个且小于10个,239.1372519794301,小于5个,2502.1648936881975,非常喜欢！,是,经常,一个月发若干次,男,大三,法学学科,杂物较少，比较整洁,112
115,136,与平时持平,53.18788784820518,小于5个,49.86667958572045,小于5个,998.6444666517446,非常喜欢！,否,从不,很少发朋友圈,男,大三,工学学科,杂物较少，比较整洁,88
116,139,较高于平时,241.3918138901663,大于等于5个且小于10个,149.9718114524981,小于5个,1501.2003539625905,还行，可以接受。,否,有时,一个月发若干次,女,大三,工学学科,杂物较多，比较混乱,173
117,140,与平时持平,55.70665391124427,小于5个,51.94239054206391,小于5个,999.7485240229043,还行，可以接受。,否,很少,很少发朋友圈,男,大三,工学学科,有杂物，但不会觉得很乱,89
118,141,远高于平时,767.4925790843744,大于等于15个且小于20个,750.0907367034,大于等于15个且小于20个,1998.8947516316207,非常喜欢！,是,经常,一周发若干次,女,大三,医学学科,杂物较多，比较混乱,102
119,142,较高于平时,155.71456678177012,小于5个,264.717720393833,小于5个,2003.8262607658887,无法接受！,否,很少,很少发朋友圈,男,大三,工学学科,杂物较少，比较整洁,148
120,143,与平时持平,245.69681678095148,大于等于10个且小于15个,253.04664752818803,大于等于5个且小于10个,1500.1428486624106,还行，可以接受。,是,有时,一个月发若干次,男,大二,理学学科,杂物较少，比较整洁,140
121,144,较高于平时,734.4755563304501,大于等于5个且小于10个,256.0670195209248,小于5个,999.0423589007701,还行，可以接受。,是,有时,半年发若干次,男,大二,工学学科,有杂物，但不会觉得很乱,223
122,145,较高于平时,733.246276443797,大于等于5个且小于10个,250.15551181597928,小于5个,1999.8098784703525,还行，可以接受。,否,很少,很少发朋友圈,女,大二,经济学学科,杂物较少，比较整洁,106
123,146,与平时持平,149.40483380447927,小于5个,148.5401249419867,大于等于5个且小于10个,2001.8178853593524,非常喜欢！,是,有时,很少发朋友圈,男,大二,理学学科,杂物较少，比较整洁,74
124,147,较高于平时,2019.529719895163,大于等于10个且小于15个,251.17996968471917,大于等于5个且小于10个,2000.2912949786542,非常喜欢！,是,有时,一周发若干次,女,大二,工学学科,有杂物，但不会觉得很乱,135
125,148,较高于平时,734.4533496391025,大于等于10个且小于15个,245.29875434124799,大于等于10个且小于15个,2000.9951084975737,无法接受！,是,有时,一周发若干次,女,大二,管理学学科,有杂物，但不会觉得很乱,130
126,149,较高于平时,250.80247646785082,大于等于5个且小于10个,255.641108286457,大于等于5个且小于10个,1497.161859548477,还行，可以接受。,是,有时,一个月发若干次,女,大二,工学学科,杂物较多，比较混乱,160
127,150,较高于平时,243.91346791781,大于等于15个且小于20个,145.54149677759335,大于等于5个且小于10个,998.7832897578313,还行，可以接受。,是,很少,一个月发若干次,女,大一,医学学科,有杂物，但不会觉得很乱,171
128,151,较高于平时,154.93084833992881,小于5个,48.17677810504345,小于5个,2001.5292334273458,非常喜欢！,是,有时,半年发若干次,女,大三,理学学科,杂物较多，比较混乱,216
129,153,与平时持平,259.90259297113704,小于5个,150.03776092967925,小于5个,2499.8645560961504,非常喜欢！,否,很少,一个月发若干次,男,大二,经济学学科,杂物较少，比较整洁,142
130,155,较高于平时,759.6544909622381,小于5个,744.1638780447925,大于等于5个且小于10个,2500.76029617457,非常喜欢！,否,很少,半年发若干次,女,大二,经济学学科,杂物较少，比较整洁,437
131,168,远高于平时,3201.1845436852927,大于等于15个且小于20个,1238.0040556009076,大于等于5个且小于10个,3105.822650549248,非常喜欢！,否,很少,很少发朋友圈,女,研究生,法学学科,杂物较少，比较整洁,140
132,171,与平时持平,147.51802700450565,小于5个,153.61032549442524,小于5个,1998.9194881947717,无法接受！,否,很少,一个月发若干次,女,大三,工学学科,杂物较少，比较整洁,238
133,172,远高于平时,751.4759990937469,大于等于5个且小于10个,153.8023544164876,小于5个,1999.8513881581305,无法接受！,是,很少,一个月发若干次,女,大三,管理学学科,有杂物，但不会觉得很乱,318
134,173,与平时持平,257.27627829472675,大于等于5个且小于10个,153.57080479739312,大于等于5个且小于10个,1499.5844294213277,无法接受！,是,有时,一周发若干次,女,大三,工学学科,有杂物，但不会觉得很乱,397
135,174,较高于平时,1983.7831781786635,大于等于5个且小于10个,246.36130593865798,大于等于5个且小于10个,1498.2454728577397,非常喜欢！,是,从不,一个月发若干次,女,大三,理学学科,杂物较多，比较混乱,306
136,175,较高于平时,738.0283054027921,大于等于5个且小于10个,240.37829368657992,小于5个,1500.8194701247407,还行，可以接受。,否,很少,半年发若干次,女,大三,经济学学科,杂物较多，比较混乱,121
137,176,较高于平时,1985.8005864040151,大于等于5个且小于10个,245.7031707070282,小于5个,2499.395268615367,非常喜欢！,是,很少,一个月发若干次,女,大三,经济学学科,有杂物，但不会觉得很乱,110
138,177,与平时持平,49.095687357555114,小于5个,151.95553161902203,小于5个,1000.7868755271273,还行，可以接受。,否,有时,一个月发若干次,女,大二,医学学科,有杂物，但不会觉得很乱,99
139,180,与平时持平,54.33990713614991,小于5个,144.99599003082713,小于5个,2001.2050237213625,非常喜欢！,否,很少,一周发若干次,男,大一,哲学学科,杂物较少，比较整洁,170
140,181,较高于平时,155.8675281226834,小于5个,259.9954549578568,大于等于5个且小于10个,2499.015686046517,无法接受！,是,从不,一周发若干次,女,大二,历史学学科,有杂物，但不会觉得很乱,390
141,182,远高于平时,750.5861595475021,大于等于15个且小于20个,147.88508051476236,大于等于5个且小于10个,2499.2973276167177,无法接受！,是,有时,一天发一次,女,大二,管理学学科,杂物较多，比较混乱,451
142,183,与平时持平,753.4378716373217,大于等于15个且小于20个,251.860813153847,大于等于10个且小于15个,3100.6660717205036,无法接受！,否,从不,一个月发若干次,男,大四,管理学学科,杂物较少，比较整洁,170
143,184,与平时持平,148.18642661096487,小于5个,148.22482629282263,小于5个,1498.3891317056066,还行，可以接受。,否,从不,很少发朋友圈,男,大二,法学学科,有杂物，但不会觉得很乱,76
144,185,较高于平时,253.53970452660923,大于等于5个且小于10个,149.27323785938614,小于5个,1998.4955812053054,非常喜欢！,是,很少,半年发若干次,男,大二,法学学科,杂物较少，比较整洁,273
145,186,与平时持平,149.02486612576897,大于等于5个且小于10个,149.4695494611376,大于等于5个且小于10个,2498.113437479216,非常喜欢！,否,从不,很少发朋友圈,男,大二,经济学学科,杂物较少，比较整洁,169
146,187,与平时持平,248.77678299234523,大于等于5个且小于10个,151.34619401990804,小于5个,3092.405086120631,非常喜欢！,否,有时,很少发朋友圈,男,大四,理学学科,有杂物，但不会觉得很乱,119
147,188,远高于平时,769.4220014814176,大于等于20个且小于40个,48.05884578587962,小于5个,3105.7588578420346,非常喜欢！,是,很少,一天发若干次,女,大二,历史学学科,杂物较多，比较混乱,230
148,189,较高于平时,150.12605684956753,大于等于5个且小于10个,50.315875211957234,小于5个,2497.6708772724933,非常喜欢！,否,从不,很少发朋友圈,男,大二,经济学学科,杂物较少，比较整洁,54
149,190,较高于平时,245.35569505539095,小于5个,148.29139131019596,小于5个,1499.8538012219083,还行，可以接受。,是,有时,半年发若干次,男,大二,工学学科,有杂物，但不会觉得很乱,731
150,191,较高于平时,236.43783246192967,大于等于10个且小于15个,143.28101402049913,大于等于5个且小于10个,3092.4246037136973,无法接受！,否,从不,半年发若干次,男,大二,法学学科,有杂物，但不会觉得很乱,97
151,192,与平时持平,146.9660693054104,小于5个,52.19812011577627,大于等于5个且小于10个,1499.7590560857218,非常喜欢！,否,从不,很少发朋友圈,女,大三,法学学科,杂物较少，比较整洁,56
152,193,甚至不如平时,46.85731482502387,小于5个,151.8211021681291,大于等于5个且小于10个,1998.2301325797835,无法接受！,是,很少,一个月发若干次,男,大二,哲学学科,有杂物，但不会觉得很乱,166
153,194,与平时持平,239.0077357068836,大于等于5个且小于10个,246.3016902645011,大于等于10个且小于15个,2498.59385940794,非常喜欢！,否,很少,一个月发若干次,女,大一,历史学学科,有杂物，但不会觉得很乱,276
154,195,远高于平时,783.1617245097628,大于等于20个且小于40个,149.41294821480642,大于等于5个且小于10个,2000.9207382939633,无法接受！,是,有时,一天发一次,女,大二,哲学学科,杂物较多，比较混乱,404
